title,company,location,link
Software Engineering Manager- Site Reliability (Analytics an...,Indeed,Temporarily Remote,https://au.indeed.com/viewjob?jk=c99c5e67b5f23b36&from=web&vjs=3
Web Developer: Python | Django,Outfox Stories,Remote,https://au.indeed.com/viewjob?jk=339a37b7dcc7f174&from=web&vjs=3
Systems Support - Remote,Framestore,Remote,https://au.indeed.com/viewjob?jk=b1b41dcc4cefec03&from=web&vjs=3
Python Programmer,Jacobs,Remote in Canberra ACT,https://au.indeed.com/viewjob?jk=89550f28fa639056&from=web&vjs=3
"Software Engineer, Early Career",Google,Sydney NSW,https://au.indeed.com/viewjob?jk=6fcf7af0c601fbca&from=web&vjs=3
"Multiple Data Engineer Roles - Python, SQL (Remote Working O...",THE ICONIC,Remote in Sydney NSW,https://au.indeed.com/viewjob?jk=9c3ce531f4e58e5e&from=web&vjs=3
Python Engineer,Cover Genius,,https://au.indeed.com/viewjob?jk=6382d02fe6505271&from=web&vjs=3
Python Developers,Dialog Information Technology,Canberra ACT,https://au.indeed.com/viewjob?jk=f4e56a5efbfb717e&from=web&vjs=3
Python Developer,Tibra,Remote in Sydney NSW,https://au.indeed.com/viewjob?jk=3744c7a80968a966&from=web&vjs=3
Python Data Engineer,Geoscience Australia,Canberra ACT,https://au.indeed.com/viewjob?jk=b05279373822977a&from=web&vjs=3
developers,Panthos Cloud Consulting,Remote in Australia,https://au.indeed.com/viewjob?jk=573b89d1a0f3ed51&from=web&vjs=3
Senior Python Developer,Akuna Capital,Sydney NSW,https://au.indeed.com/viewjob?jk=54efa17ef8c59bd7&from=web&vjs=3
Graduate Python Developer,Eclipse Trading,Sydney NSW,https://au.indeed.com/viewjob?jk=0cc9ba3f3099e795&from=web&vjs=3
Python Developer (Crypto Markets),Akuna Capital,Sydney NSW,https://au.indeed.com/viewjob?jk=b366c60c0b09a44f&from=web&vjs=3
Python Developer,SoftLabs Pty Ltd,Canberra ACT,https://au.indeed.com/viewjob?jk=93f4e745e1228cf5&from=web&vjs=3
"Generalist Investment Analyst, Graduate Role",Antipodes Partners,Sydney NSW,https://au.indeed.com/viewjob?jk=f3c04bd414c31d59&from=web&vjs=3
Position – Data Scientist,Robonomics AI,Remote in Sydney NSW,https://au.indeed.com/viewjob?jk=7fac818f8de9b89d&from=web&vjs=3
Graduate Technology Associate,Infosys Limited,,https://au.indeed.com/viewjob?jk=99dbd899cc2cdf9c&from=web&vjs=3
Full Stack Developer -JavaScript/Python,Paxus,Canberra ACT,https://au.indeed.com/viewjob?jk=bfd1b6d41d59a6ae&from=web&vjs=3
Database Administrator (Remote),Minutes To Seconds,Remote,https://au.indeed.com/viewjob?jk=03c5f182c7fe7db4&from=web&vjs=3
Senior Software Engineer - Canberra/WFH,1st People Services,Remote in Canberra ACT,https://au.indeed.com/viewjob?jk=e73fe8230c0c20ec&from=web&vjs=3
Data Scientist,GoTech Solutions Pty Ltd,Sydney NSW,https://au.indeed.com/viewjob?jk=ac0c617d5c19dd22&from=web&vjs=3
Graduate Developer,Computershare,Temporarily Remote in Sydney NSW,https://au.indeed.com/viewjob?jk=55e4ee97713f03dc&from=web&vjs=3
Engineering Manager,Assignar,Remote in Sydney NSW,https://au.indeed.com/viewjob?jk=8d6ab6bd01963749&from=web&vjs=3
Python Developer 60711,Sky,Remote in Osterley TAS,https://au.indeed.com/viewjob?jk=70a33dd3784ede7d&from=web&vjs=3
Data Analyst - Game Studio,Immutable X,Remote,https://au.indeed.com/viewjob?jk=5c102e274ca0bc38&from=web&vjs=3
Data Analyst,XPT Software Australia Pty Ltd.,Sydney NSW,https://au.indeed.com/viewjob?jk=99151530f2660f7e&from=web&vjs=3
Python Django Developer,Opus Recruitment Solutions,Sydney NSW,https://au.indeed.com/viewjob?jk=d64bbbf9d1ebfe15&from=web&vjs=3
CICD Developer,XPT Software Australia PTY Ltd,Remote,https://au.indeed.com/viewjob?jk=e871f24a0fd2793e&from=web&vjs=3
AWS Developer,Mielin Enterprise,Sydney NSW,https://au.indeed.com/viewjob?jk=11203f6d44d95e24&from=web&vjs=3
Customer Insights Analyst - Collections and Hardship,ING Bank (Australia),Sydney NSW,https://au.indeed.com/viewjob?jk=a3c4384bb0396efa&from=web&vjs=3
QA Engineer,Fintech社区,Sydney NSW,https://au.indeed.com/viewjob?jk=d1d1ea49863f4881&from=web&vjs=3
"Marketing Data Scientist, gTech",Google,Sydney NSW,https://au.indeed.com/viewjob?jk=c2d292ffaae6f514&from=web&vjs=3
Technical Writer,Optiver,Remote in Sydney NSW,https://au.indeed.com/viewjob?jk=4af966a2e18697e3&from=web&vjs=3
"Lead Compositor Sydney, Australia",Industrial Light & Magic,Sydney NSW,https://au.indeed.com/viewjob?jk=83a6e3f042f209f4&from=web&vjs=3
Microsoft Intune & Autopilot Engineer,Axiom Technologies,Sydney NSW,https://au.indeed.com/viewjob?jk=cbcdce18dcafcd71&from=web&vjs=3
Staff Engineer,Immutable X,Remote,https://au.indeed.com/viewjob?jk=8305b88ceca14647&from=web&vjs=3
Senior Data Scientist,Immutable X,Remote,https://au.indeed.com/viewjob?jk=45498e8e908c313d&from=web&vjs=3
"Paint & Roto Artist Sydney, Australia",Industrial Light & Magic,Sydney NSW,https://au.indeed.com/viewjob?jk=9b7c6b60b1cf39b6&from=web&vjs=3
Data Scientist,Property Exchange Australia Limited,Melbourne VIC,https://au.indeed.com/viewjob?jk=cd45a1b407989d9c&from=web&vjs=3
"Research Fellow, Medical Imaging",RMIT VN,Melbourne VIC,https://au.indeed.com/viewjob?jk=d976166f2f7b1c7d&from=web&vjs=3
DATA ENGINEER,SA Government -AUDITOR-GENERAL'S,Adelaide CBD SA 5000,https://au.indeed.com/viewjob?jk=381543d72369efe1&from=web&vjs=3
Senior Associate Data Assurance,PwC,Sydney NSW,https://au.indeed.com/viewjob?jk=bf80b2cd099b40b2&from=web&vjs=3
Software Engineer | Python,Macquarie Group Limited,Sydney NSW,https://au.indeed.com/viewjob?jk=5679ece2409673be&from=web&vjs=3
Data Engineer,Resonance Technology Services Pty Ltd,Sydney NSW 2000,https://au.indeed.com/viewjob?jk=7e068bf68eb030ce&from=web&vjs=3
Information Security Consultant,Westpac Group,Hybrid remote in Sydney NSW,https://au.indeed.com/viewjob?jk=7d68569ec93e6d79&from=web&vjs=3
Risk Advisory - Data & Analytics - 2022/23 Graduate Program...,Deloitte,Adelaide Region SA,https://au.indeed.com/viewjob?jk=19393ac9724611ed&from=web&vjs=3
Professional Services Consultant,Quantifi,Sydney NSW,https://au.indeed.com/viewjob?jk=06b6c3ca3a0e3987&from=web&vjs=3
Data Steward,ASIC,Australia,https://au.indeed.com/viewjob?jk=582bf58e0727c0ec&from=web&vjs=3
Application Engineer (Australia/Remote),Cobalt Robotics,Remote in Australia,https://au.indeed.com/viewjob?jk=8f9e8df9dc3e70dc&from=web&vjs=3
Data Engineer,Retail Insight,Remote in Chatswood NSW 2067,https://au.indeed.com/viewjob?jk=180f9dc7bc9920d8&from=web&vjs=3
Mechatronics Engineer,SoftWire Systems,Sydney NSW,https://au.indeed.com/viewjob?jk=421368666d9641e5&from=web&vjs=3
Travel demand and planning analyst,NSW Government -Transport For NSW,Temporarily Remote in Milsons Point NSW 2061,https://au.indeed.com/viewjob?jk=7d330efeeab0353a&from=web&vjs=3
Senior Electronics Engineer,Unboundesigns Pty Ltd,Remote in Milperra NSW 2214,https://au.indeed.com/viewjob?jk=b0139fe079662266&from=web&vjs=3
"System Administrator Sydney, Australia",Industrial Light & Magic,Sydney NSW,https://au.indeed.com/viewjob?jk=1ee1b103dfac9a89&from=web&vjs=3
Data Analytics Manager,PwC,Melbourne VIC,https://au.indeed.com/viewjob?jk=8d5681ef6b210116&from=web&vjs=3
Principal Data Scientist,ED - Group Support Functions,Hybrid remote in Sydney NSW 2000,https://au.indeed.com/viewjob?jk=697408d5538a780d&from=web&vjs=3
Software Engineer (Melbourne OR Canberra),Instaclustr,Melbourne VIC,https://au.indeed.com/viewjob?jk=9c0595c22b1f2822&from=web&vjs=3
QA Engineer,Amadeus,Sydney NSW,https://au.indeed.com/viewjob?jk=f60494563e06d583&from=web&vjs=3
"Repo Application Developer, Associate, Sydney","JPMorgan Chase Bank, N.A.",Sydney NSW,https://au.indeed.com/viewjob?jk=ea5149197dbb5d38&from=web&vjs=3
Software Engineering Intern - Infrastructure Engineering (Su...,Canva,Remote in Sydney NSW,https://au.indeed.com/viewjob?jk=ceb3369924a445f7&from=web&vjs=3
Business Analyst,ProForce,Remote in Sydney NSW,https://au.indeed.com/viewjob?jk=23cbcad79d2a5588&from=web&vjs=3
RIGGER - ADELAIDE,Rising Sun Pictures (RSP),Adelaide Region SA,https://au.indeed.com/viewjob?jk=2b0e811bb08c102a&from=web&vjs=3
"Senior Security Engineer - DevSecOps, Open to remote across...",Canva,Remote in Sydney NSW,https://au.indeed.com/viewjob?jk=e3cc06c6abf167c5&from=web&vjs=3
Software Engineer,BOOStudio,Marrickville NSW 2204,https://au.indeed.com/viewjob?jk=7f29febaaded12d4&from=web&vjs=3
AWS Data Engineer-AU Citizen Only,Accenture,Sydney NSW,https://au.indeed.com/viewjob?jk=deb10bf13469a029&from=web&vjs=3
Test Specialist,Planit Testing,Sydney NSW,https://au.indeed.com/viewjob?jk=3a3727a16541118a&from=web&vjs=3
Consultant to Associate Director - Transport Modeller,KPMG,Sydney NSW,https://au.indeed.com/viewjob?jk=a7abf5ab0bbe907d&from=web&vjs=3
Data Scientist,iVEGA Consulting,Remote in Parramatta NSW,https://au.indeed.com/viewjob?jk=b4a1df771b5d67db&from=web&vjs=3
Data Analyst,The Data Foundry,,https://au.indeed.com/viewjob?jk=920985f99c9fd303&from=web&vjs=3
Senior PHP Laravel Developer,eFleetPass,Remote in Homebush NSW 2140,https://au.indeed.com/viewjob?jk=9d37c8e8932f453e&from=web&vjs=3
GCP Data Engineer,iNNOAVTE IT CONSULTANCY PRIVATE LIMITED,Sydney NSW 2000,https://au.indeed.com/viewjob?jk=a6baa9d3581b5d8a&from=web&vjs=3
Algorithm Engineer,Baraja,North Ryde NSW,https://au.indeed.com/viewjob?jk=2c4918a7fc06eb41&from=web&vjs=3
Data Engineer,Allianz Partners,Brisbane QLD 4000,https://au.indeed.com/viewjob?jk=8aa01f121a7fa014&from=web&vjs=3
Business and Financial Modelling Associate Director,Deloitte,Perth WA 6000,https://au.indeed.com/viewjob?jk=43d5acda95d25c60&from=web&vjs=3
